{
  "user": [
    {
      "fname": "John",
      "lname": "Doe",
      "email": "user@gmail.com",
      "gender": "male",
      "age": 20,
      "slider": 46,
      "id": 111
    },
    {
      "slider": 51,
      "age": 30,
      "gender": "male",
      "email": "user@gmail.com",
      "lname": "Doe",
      "fname": "John",
      "id": 112
    },
    {
      "fname": "John",
      "lname": "",
      "email": "user@gmail.com",
      "gender": "male",
      "age": 20,
      "slider": 44,
      "city": [
        "suart"
      ],
      "id": 114
    },
    {
      "age": 20,
      "slider": 52,
      "gender": "male",
      "email": "user@gmail.com",
      "fname": "John",
      "lname": "Doe",
      "id": 115
    },
    {
      "slider": 61,
      "age": 10,
      "gender": "male",
      "email": "user@gmail.com",
      "lname": "Doe",
      "fname": "John",
      "id": 116
    },
    {
      "fname": "TGHYHJ",
      "email": "hnmjbhmjn@gmail.com",
      "gender": "male",
      "age": 30,
      "slider": 64,
      "id": 117
    },
    {
      "fname": "TGHYHJ",
      "lname": "FGHBJNB",
      "email": "user@gmail.com",
      "gender": "female",
      "age": 20,
      "slider": 52,
      "city": [
        "rajkot"
      ],
      "id": 118
    },
    {
      "fname": "asd",
      "lname": "Doe",
      "email": "user@gmail.com",
      "gender": "female",
      "age": 20,
      "slider": 33,
      "city": [
        "suart"
      ],
      "id": 119
    }
  ]
}